username,user id,access hash,group,group id,status
infinityloveforall,6200730999,-7408790485119093646,â¤ï¸â€ğŸ”¥ $LOVE&WAR Token â¤ï¸â€ğŸ”¥,1913872043,NoneType
deHokage,1033165618,2049569028536096227,â¤ï¸â€ğŸ”¥ $LOVE&WAR Token â¤ï¸â€ğŸ”¥,1913872043,UserStatusRecently
Message_is_Love,6128884887,2164988583242662919,â¤ï¸â€ğŸ”¥ $LOVE&WAR Token â¤ï¸â€ğŸ”¥,1913872043,UserStatusRecently
christopherdavila,1788328602,-1654629887022104119,â¤ï¸â€ğŸ”¥ $LOVE&WAR Token â¤ï¸â€ğŸ”¥,1913872043,UserStatusLastMonth
SonnyCheeba,142699131,-4839605674317330687,â¤ï¸â€ğŸ”¥ $LOVE&WAR Token â¤ï¸â€ğŸ”¥,1913872043,UserStatusRecently
O0xIDGAF,1368867525,-6218262349644126302,â¤ï¸â€ğŸ”¥ $LOVE&WAR Token â¤ï¸â€ğŸ”¥,1913872043,UserStatusRecently
NazKhanKashmiri,1221954546,-3861177383560653748,â¤ï¸â€ğŸ”¥ $LOVE&WAR Token â¤ï¸â€ğŸ”¥,1913872043,UserStatusRecently
CardiDogCoin,1110749756,-4069310228438017805,â¤ï¸â€ğŸ”¥ $LOVE&WAR Token â¤ï¸â€ğŸ”¥,1913872043,UserStatusLastMonth
headachelikeapillow,692381347,-7658535338075808808,â¤ï¸â€ğŸ”¥ $LOVE&WAR Token â¤ï¸â€ğŸ”¥,1913872043,UserStatusRecently
ender_wiggums,5060465242,-950927584277887064,â¤ï¸â€ğŸ”¥ $LOVE&WAR Token â¤ï¸â€ğŸ”¥,1913872043,UserStatusRecently
fractaliti,1340819596,1307215520232625364,â¤ï¸â€ğŸ”¥ $LOVE&WAR Token â¤ï¸â€ğŸ”¥,1913872043,UserStatusRecently
LoveGoldie,5380484334,-905258635712923984,â¤ï¸â€ğŸ”¥ $LOVE&WAR Token â¤ï¸â€ğŸ”¥,1913872043,UserStatusLastWeek
Totenschaedel,905997407,-3886228312679519321,â¤ï¸â€ğŸ”¥ $LOVE&WAR Token â¤ï¸â€ğŸ”¥,1913872043,UserStatusRecently
blankettheory,5757320521,5165532250780814257,â¤ï¸â€ğŸ”¥ $LOVE&WAR Token â¤ï¸â€ğŸ”¥,1913872043,NoneType
KashFetchem,1956973312,1040135043527023356,â¤ï¸â€ğŸ”¥ $LOVE&WAR Token â¤ï¸â€ğŸ”¥,1913872043,UserStatusRecently
H4M80N3,5350711053,2186501072452952387,â¤ï¸â€ğŸ”¥ $LOVE&WAR Token â¤ï¸â€ğŸ”¥,1913872043,UserStatusRecently
DefiPika,1810443795,826558258766175612,â¤ï¸â€ğŸ”¥ $LOVE&WAR Token â¤ï¸â€ğŸ”¥,1913872043,UserStatusRecently
Prplhayes,1780951232,8572563777271537657,â¤ï¸â€ğŸ”¥ $LOVE&WAR Token â¤ï¸â€ğŸ”¥,1913872043,UserStatusRecently
LoveMeHardNow,5941985036,-9139586999886087174,â¤ï¸â€ğŸ”¥ $LOVE&WAR Token â¤ï¸â€ğŸ”¥,1913872043,UserStatusRecently
